{"cameraMode":{"drawMode":0,"name":"Shaded","section":"Shading Mode"},"sceneLighting":true,"audioPlay":false,"sceneViewState":{"m_AlwaysRefresh":false,"showFog":true,"showSkybox":true,"showFlares":true,"showImageEffects":true,"showParticleSystems":true,"showVisualEffectGraphs":true,"m_FxEnabled":true},"in2DMode":false,"pivot":{"x":9.970000267028809,"y":1.4496052265167237,"z":5.460000038146973},"rotation":{"x":-0.06578672677278519,"y":0.9303538799285889,"z":-0.20737089216709138,"w":-0.29514724016189577},"size":4.000635147094727,"orthographic":true}