{"cameraMode":{"drawMode":0,"name":"Shaded","section":"Shading Mode"},"sceneLighting":true,"audioPlay":false,"sceneViewState":{"m_AlwaysRefresh":false,"showFog":true,"showSkybox":true,"showFlares":true,"showImageEffects":true,"showParticleSystems":true,"showVisualEffectGraphs":true,"m_FxEnabled":true},"in2DMode":false,"pivot":{"x":0.032000064849853519,"y":0.9260001182556152,"z":-0.10199999809265137},"rotation":{"x":0.11920448392629624,"y":0.2445596158504486,"z":-0.030310342088341714,"w":0.9618019461631775},"size":3.2788050174713136,"orthographic":false}