{"cameraMode":{"drawMode":0,"name":"Shaded","section":"Shading Mode"},"sceneLighting":false,"audioPlay":false,"sceneViewState":{"m_AlwaysRefresh":false,"showFog":true,"showSkybox":false,"showFlares":true,"showImageEffects":true,"showParticleSystems":true,"showVisualEffectGraphs":true,"m_FxEnabled":true},"in2DMode":false,"pivot":{"x":-28.205474853515626,"y":4.093163967132568,"z":4.330188274383545},"rotation":{"x":-0.03931264206767082,"y":-0.9605329036712647,"z":0.18523627519607545,"w":-0.20383436977863313},"size":0.08660232275724411,"orthographic":true}